ts_iso_utc,ts_unix,disk_read_bytes_per_s,disk_write_bytes_per_s,disk_read_ops_per_s,disk_write_ops_per_s,disk_usage_percent_c,net_bytes_sent_per_s,net_bytes_recv_per_s,net_packets_sent_per_s,net_packets_recv_per_s
2026-03-05T11:11:51+00:00,1772709111.0639887,0.0,0.0,0.0,0.0,34.8,0.0,0.0,0.0,0.0
2026-03-05T11:11:52+00:00,1772709112.0641315,507831.47520121443,565167.2869174805,10.998429284300496,43.99371713720198,34.8,0.0,0.0,0.0,0.0
2026-03-05T11:11:53+00:00,1772709113.0643182,294856.955588287,0.0,17.996640355730406,0.0,34.8,385.9279542951076,326.9389664624357,5.9988801185768015,2.9994400592884007
2026-03-05T11:11:54+00:00,1772709114.0638223,0.0,131137.03225018512,0.0,14.006946193714839,34.8,3477.724640668056,5766.859847183739,8.003969253551338,11.005457723633087
2026-03-05T11:11:55+00:00,1772709115.064124,0.0,85990.04494359526,0.0,4.998491265787486,34.8,0.0,0.0,0.0,0.0
2026-03-05T11:11:56+00:00,1772709116.0638895,0.0,0.0,0.0,0.0,34.8,0.0,0.0,0.0,0.0
2026-03-05T11:11:57+00:00,1772709117.0641506,184271.89244217298,77803.68792002858,3.998955999179101,16.99556299651118,34.8,0.0,0.0,0.0,0.0
2026-03-05T11:11:58+00:00,1772709118.0640392,0.0,323620.03233220556,0.0,33.00367467786659,34.8,0.0,0.0,0.0,0.0
2026-03-05T11:11:59+00:00,1772709119.0637698,0.0,483458.24993477494,0.0,30.008084567919195,34.8,0.0,0.0,0.0,0.0
2026-03-05T11:12:00+00:00,1772709120.0641046,0.0,0.0,0.0,0.0,34.8,0.0,0.0,0.0,0.0
2026-03-05T11:12:01+00:00,1772709121.0642366,0.0,1617706.3270508798,0.0,279.963021394288,34.8,0.0,0.0,0.0,0.0
2026-03-05T11:12:02+00:00,1772709122.0636623,73770.37003837166,180327.5712049085,3.0017240412748887,6.003448082549777,34.8,0.0,0.0,0.0,0.0
2026-03-05T11:12:03+00:00,1772709123.0639958,0.0,618289.7709356453,0.0,42.98566223586369,34.8,0.0,0.0,0.0,0.0
2026-03-05T11:12:04+00:00,1772709124.0639737,0.0,65537.45315722075,0.0,2.000044346839012,34.8,0.0,0.0,0.0,0.0
2026-03-05T11:12:05+00:00,1772709125.064108,0.0,229345.21506975073,0.0,23.99677892052358,34.8,0.0,0.0,0.0,0.0
2026-03-05T11:12:06+00:00,1772709126.063777,0.0,143407.45711099388,0.0,20.00662069070785,34.8,55.01820689944659,66.02184827933591,1.0003310345353926,1.0003310345353926
2026-03-05T11:12:07+00:00,1772709127.063921,0.0,118766.8969941653,0.0,19.99712031825251,34.8,54.992080875194404,65.99049705023329,0.9998560159126255,0.9998560159126255
2026-03-05T11:12:08+00:00,1772709128.0640035,28669.63496072378,45052.283509708795,1.9998350279522725,2.999752541928409,34.8,0.0,0.0,0.0,0.0
2026-03-05T11:12:09+00:00,1772709129.064177,0.0,106477.51883275264,0.0,20.99635568930106,34.8,0.0,141.97535751813098,0.0,0.9998264613952885
2026-03-05T11:12:10+00:00,1772709130.0642755,0.0,163823.8687758912,0.0,18.99812931361043,34.8,0.0,0.0,0.0,0.0
2026-03-05T11:12:11+00:00,1772709131.0639262,0.0,0.0,0.0,0.0,34.8,0.0,0.0,0.0,0.0
2026-03-05T11:12:12+00:00,1772709132.06368,0.0,147492.32535269007,0.0,18.00443424715455,34.8,0.0,0.0,0.0,0.0
2026-03-05T11:12:13+00:00,1772709133.0640984,0.0,221091.48988038537,0.0,27.988289011188833,34.8,0.0,0.0,0.0,0.0
2026-03-05T11:12:14+00:00,1772709134.063758,0.0,135214.0352044754,0.0,14.00476808758475,34.8,0.0,0.0,0.0,0.0
2026-03-05T11:12:15+00:00,1772709135.06392,0.0,65525.376722295005,0.0,0.9998379016463471,34.8,0.0,0.0,0.0,0.0
2026-03-05T11:12:16+00:00,1772709136.0637858,0.0,57351.69829896505,0.0,10.001342476800547,34.8,0.0,0.0,0.0,0.0
2026-03-05T11:12:17+00:00,1772709137.064111,0.0,61420.02602684483,0.0,12.99577373614881,34.8,0.0,0.0,0.0,0.0
2026-03-05T11:12:18+00:00,1772709138.0641222,0.0,651256.7022302139,0.0,54.999383694879135,34.8,0.0,0.0,0.0,0.0
2026-03-05T11:12:19+00:00,1772709139.063978,0.0,0.0,0.0,0.0,34.8,0.0,0.0,0.0,0.0
2026-03-05T11:12:20+00:00,1772709140.064175,0.0,94189.4509185651,0.0,14.997046575433895,34.8,0.0,0.0,0.0,0.0
2026-03-05T11:12:21+00:00,1772709141.0642214,0.0,90107.81074164042,0.0,2.999860531615337,34.8,0.0,0.0,0.0,0.0
2026-03-05T11:12:22+00:00,1772709142.0637412,0.0,69665.45160950221,0.0,2.00096081139425,34.8,0.0,0.0,0.0,0.0
2026-03-05T11:12:23+00:00,1772709143.0642502,0.0,122817.48299451034,0.0,3.99796494122755,34.8,0.0,0.0,0.0,0.0
2026-03-05T11:12:24+00:00,1772709144.0638356,0.0,8195.39789317518,0.0,1.000414781881736,34.8,0.0,0.0,0.0,0.0
2026-03-05T11:12:25+00:00,1772709145.0639913,0.0,4095.3624039531273,0.0,0.999844336902619,34.8,0.0,0.0,0.0,0.0
2026-03-05T11:12:26+00:00,1772709146.063772,0.0,0.0,0.0,0.0,34.8,0.0,0.0,0.0,0.0
2026-03-05T11:12:27+00:00,1772709147.0638971,0.0,4095.4873688534144,0.0,0.9998748459114781,34.8,0.0,0.0,0.0,0.0
2026-03-05T11:12:28+00:00,1772709148.0638368,0.0,73732.4475338998,0.0,3.000180970617668,34.8,0.0,0.0,0.0,0.0
2026-03-05T11:12:29+00:00,1772709149.0638387,0.0,4095.992187514901,0.0,0.9999980926550052,34.8,0.0,0.0,0.0,0.0
2026-03-05T11:12:30+00:00,1772709150.0642602,0.0,0.0,0.0,0.0,34.8,0.0,0.0,0.0,0.0
2026-03-05T11:12:31+00:00,1772709151.0638409,0.0,4097.718494136617,0.0,1.0004195542325724,34.8,0.0,0.0,0.0,0.0
2026-03-05T11:12:32+00:00,1772709152.0638049,0.0,126980.57145364034,0.0,3.0001080075047333,34.8,0.0,0.0,0.0,0.0
2026-03-05T11:12:33+00:00,1772709153.0641444,0.0,90081.41663329939,0.0,3.998642428679838,34.8,0.0,0.0,0.0,0.0
2026-03-05T11:12:34+00:00,1772709154.0638573,24583.056713171638,0.0,2.0005742767880568,0.0,34.8,995.2857027020582,698.2004225990318,7.002009968758198,4.0011485535761135
2026-03-05T11:12:35+00:00,1772709155.0637774,545835.59601132,81926.54349138013,20.001597532075227,4.000319506415045,34.8,2205.1761279112934,13815.103415404357,15.00119814905642,19.001517655471464
2026-03-05T11:12:36+00:00,1772709156.0639408,8190.662327839239,597918.3499322644,0.9998367099413134,86.98579376489425,34.8,281.95395220345034,165.972893850258,4.999183549706567,2.99951012982394
2026-03-05T11:12:37+00:00,1772709157.0641553,0.0,4095.1212823023625,0.0,0.9997854693121002,34.8,53.98841534285341,0.0,0.9997854693121002,0.0
2026-03-05T11:12:38+00:00,1772709158.0638988,0.0,106523.32732300748,0.0,6.001539625319682,34.8,0.0,0.0,0.0,0.0
2026-03-05T11:12:39+00:00,1772709159.0641375,0.0,16380.090776713492,0.0,3.9990455997835674,34.8,0.0,0.0,0.0,0.0
2026-03-05T11:12:40+00:00,1772709160.064179,0.0,32766.640681391105,0.0,4.999792584440781,34.8,53.997759911960436,0.0,0.9999585168881563,0.0
2026-03-05T11:12:41+00:00,1772709161.0641143,0.0,0.0,0.0,0.0,34.8,0.0,0.0,0.0,0.0
2026-03-05T11:12:42+00:00,1772709162.063942,0.0,86030.82970473207,0.0,2.0003448127030334,34.8,0.0,0.0,0.0,0.0
2026-03-05T11:12:43+00:00,1772709163.063857,0.0,24578.086114563175,0.0,5.000424421094396,34.8,0.0,0.0,0.0,0.0
2026-03-05T11:12:44+00:00,1772709164.0640213,0.0,503725.2528507199,0.0,44.99260904606992,34.8,0.0,0.0,0.0,0.0
2026-03-05T11:12:45+00:00,1772709165.0640883,0.0,0.0,0.0,0.0,34.8,341.97708903264567,458.9692510701297,6.999531062071695,7.99946407093908
2026-03-05T11:12:46+00:00,1772709166.0640357,0.0,28673.510821793465,0.0,4.000210773129669,34.8,54.00284543725053,0.0,1.0000526932824172,0.0
2026-03-05T11:12:47+00:00,1772709167.0638645,0.0,69643.9219627307,0.0,2.000342427697918,34.8,0.0,0.0,0.0,0.0
2026-03-05T11:12:48+00:00,1772709168.0642233,0.0,106457.80081600473,0.0,3.998565234976139,34.8,0.0,0.0,0.0,0.0
2026-03-05T11:12:49+00:00,1772709169.0637949,0.0,0.0,0.0,0.0,34.8,0.0,0.0,0.0,0.0
2026-03-05T11:12:50+00:00,1772709170.0637243,0.0,69636.9144093192,0.0,2.000141153760317,34.8,0.0,0.0,0.0,0.0
2026-03-05T11:12:51+00:00,1772709171.0641003,0.0,4094.460539753153,0.0,0.9996241552131722,34.8,54.979328536724466,65.97519424406936,0.9996241552131722,0.9996241552131722
2026-03-05T11:12:52+00:00,1772709172.063879,0.0,151585.53867051273,0.0,19.004204726692766,34.8,55.01217157726853,66.01460589272223,1.0002213014048824,1.0002213014048824
2026-03-05T11:12:53+00:00,1772709173.0638833,0.0,81919.64843900874,0.0,2.99998712545198,34.8,0.0,0.0,0.0,0.0
2026-03-05T11:12:54+00:00,1772709174.0638502,0.0,16384.54298674468,0.0,4.000132565123213,34.8,0.0,0.0,0.0,0.0
2026-03-05T11:12:55+00:00,1772709175.063796,0.0,213003.52796765533,0.0,7.000378867626893,34.8,0.0,0.0,0.0,0.0
2026-03-05T11:12:56+00:00,1772709176.0642712,0.0,0.0,0.0,0.0,34.8,0.0,0.0,0.0,0.0
2026-03-05T11:12:57+00:00,1772709177.0637803,0.0,77862.22286531441,0.0,3.0014734348779712,34.8,0.0,0.0,0.0,0.0
2026-03-05T11:12:58+00:00,1772709178.0641892,0.0,24565.95527903949,0.0,3.9983651170311667,34.8,53.977929079920756,0.0,0.9995912792577917,0.0
2026-03-05T11:12:59+00:00,1772709179.0637584,0.0,24586.592454091202,0.0,4.001724032241406,34.8,0.0,0.0,0.0,0.0
2026-03-05T11:13:00+00:00,1772709180.064005,16379.961932983708,0.0,0.9997535359487126,0.0,34.8,0.0,0.0,0.0,0.0
2026-03-05T11:13:01+00:00,1772709181.0641809,0.0,4095.2794236625045,0.0,0.9998240780426036,34.8,0.0,0.0,0.0,0.0
2026-03-05T11:13:02+00:00,1772709182.0639324,0.0,135201.58842256936,0.0,4.000993975573193,34.8,0.0,0.0,0.0,0.0
2026-03-05T11:13:03+00:00,1772709183.064065,0.0,4095.4571032167937,0.0,0.9998674568400375,34.8,0.0,0.0,0.0,0.0
2026-03-05T11:13:04+00:00,1772709184.0641956,0.0,167914.0614600944,0.0,3.9994774547469136,34.8,0.9998693636867284,0.0,0.9998693636867284,0.0
2026-03-05T11:13:05+00:00,1772709185.0640187,0.0,4096.7247375858515,0.0,1.0001769378871708,34.8,1.0001769378871708,0.0,1.0001769378871708,0.0
2026-03-05T11:13:06+00:00,1772709186.0639086,0.0,65543.21954522845,0.0,2.000220323035536,34.8,428.0471491296048,0.0,6.000660969106609,0.0
2026-03-05T11:13:07+00:00,1772709187.0640194,0.0,77815.37302673877,0.0,3.999556590601294,34.8,427.95255519433846,0.0,5.999334885901941,0.0
2026-03-05T11:13:08+00:00,1772709188.0642476,0.0,106471.70671479081,0.0,2.9993156564037373,34.8,426.90259509479864,0.0,4.998859427339562,0.0
2026-03-05T11:13:09+00:00,1772709189.0643306,0.0,32765.281475555064,0.0,7.999336297742936,34.8,426.9645748920292,0.0,4.999585186089335,0.0
2026-03-05T11:13:10+00:00,1772709190.0640705,0.0,69650.11701718945,0.0,2.0005203646940903,34.8,0.0,0.0,0.0,0.0
2026-03-05T11:13:11+00:00,1772709191.0638297,12290.95969707824,0.0,1.0002408607648308,0.0,34.8,0.0,0.0,0.0,0.0
2026-03-05T11:13:12+00:00,1772709192.0643952,0.0,4093.684903004187,0.0,0.9994347907725066,34.8,0.0,0.0,0.0,0.0
2026-03-05T11:13:13+00:00,1772709193.0641606,0.0,4096.961162992569,0.0,1.0002346589337328,34.8,2.0004693178674655,0.0,2.0004693178674655,0.0
2026-03-05T11:13:14+00:00,1772709194.0638227,0.0,590023.3329674756,0.0,41.013856085317826,34.8,1.0003379533004348,0.0,1.0003379533004348,0.0
2026-03-05T11:13:15+00:00,1772709195.0638258,0.0,65535.796875629574,0.0,0.9999969005680782,34.8,0.0,0.0,0.0,0.0
2026-03-05T11:13:16+00:00,1772709196.0637753,0.0,28673.449292004087,0.0,4.0002021891746775,34.8,2.0001010945873388,0.0,2.0001010945873388,0.0
2026-03-05T11:13:17+00:00,1772709197.0637765,0.0,4095.9951171933208,0.0,0.9999988079085256,34.8,0.9999988079085256,0.0,0.9999988079085256,0.0
2026-03-05T11:13:18+00:00,1772709198.063988,0.0,4095.133972207702,0.0,0.999788567433521,34.8,0.0,0.0,0.0,0.0
2026-03-05T11:13:19+00:00,1772709199.0643725,65510.80656361887,8188.850820452359,0.9996155786685008,1.9992311573370016,34.8,0.0,0.0,0.0,0.0
2026-03-05T11:13:20+00:00,1772709200.0637946,0.0,4098.368556351804,0.0,1.000578260828077,34.8,55.031804345544245,0.0,1.000578260828077,0.0
2026-03-05T11:13:21+00:00,1772709201.064216,0.0,4094.2751407209266,0.0,0.99957889177757,34.8,107.95452031197756,290.8774575072729,1.99915778355514,3.99831556711028
2026-03-05T11:13:22+00:00,1772709202.0642464,0.0,4095.875003814581,0.0,0.9999694833531692,34.8,1.9999389667063383,0.0,1.9999389667063383,0.0
2026-03-05T11:13:23+00:00,1772709203.063857,0.0,53268.739519986186,0.0,3.0011684675472985,34.8,1.000389489182433,0.0,1.000389489182433,0.0
2026-03-05T11:13:24+00:00,1772709204.0642235,0.0,393071.9590337193,0.0,8.996703163918747,34.8,0.0,0.0,0.0,0.0
2026-03-05T11:13:25+00:00,1772709205.0638008,65563.71484051042,86052.37572816992,1.0004228949052494,16.00676631848399,34.8,2.0008457898104988,0.0,2.0008457898104988,0.0
2026-03-05T11:13:26+00:00,1772709206.0639231,0.0,65527.98535526103,0.0,0.9998777062265172,34.8,3910.5217090519086,1550.810322357328,16.99792100585079,17.99779871207731
2026-03-05T11:13:27+00:00,1772709207.0641263,0.0,4095.1681377283703,0.0,0.9997969086250904,34.8,2467.498770486723,70460.68713535325,36.992485619128345,53.98903306575488
2026-03-05T11:13:28+00:00,1772709208.0638564,0.0,4097.10576718532,0.0,1.0002699626917284,34.8,0.0,0.0,0.0,0.0
2026-03-05T11:13:29+00:00,1772709209.064079,0.0,81901.76187381979,0.0,4.998886833118884,34.8,0.0,0.0,0.0,0.0
2026-03-05T11:13:30+00:00,1772709210.0639136,0.0,65546.84554453085,0.0,1.0001654898762642,34.8,0.0,0.0,0.0,0.0
2026-03-05T11:13:31+00:00,1772709211.0640895,0.0,4095.2794236625045,0.0,0.9998240780426036,34.8,0.0,0.0,0.0,0.0
2026-03-05T11:13:32+00:00,1772709212.0641005,0.0,8191.910157235328,0.0,1.9999780657312813,34.8,0.0,0.0,0.0,0.0
2026-03-05T11:13:33+00:00,1772709213.0638938,0.0,4096.846854739919,0.0,1.000206751645488,34.8,2761.570841293192,54.011164588856346,4.000827006581952,1.000206751645488
2026-03-05T11:13:34+00:00,1772709214.063834,0.0,81924.90263713883,0.0,3.000179539934283,34.8,2222.132979244659,8662.51839163692,9.00053861980285,14.000837853026654
2026-03-05T11:13:35+00:00,1772709215.0638413,0.0,8191.939453572497,0.0,1.9999852181573479,34.8,0.0,0.0,0.0,0.0
2026-03-05T11:13:36+00:00,1772709216.0638413,0.0,139264.0,0.0,3.0,34.8,228.0,112.0,4.0,2.0
2026-03-05T11:13:37+00:00,1772709217.0638447,0.0,4095.986328170635,0.0,0.9999966621510339,34.8,0.0,0.0,0.0,0.0
2026-03-05T11:13:38+00:00,1772709218.0638406,0.0,65536.26562607661,0.0,1.0000040531322725,34.8,0.0,0.0,0.0,0.0
2026-03-05T11:13:39+00:00,1772709219.0638645,0.0,8191.804692156502,0.0,1.999952317421021,34.8,0.0,0.0,0.0,0.0
2026-03-05T11:13:40+00:00,1772709220.0638525,0.0,61440.73243060625,0.0,2.000023842142131,34.8,0.0,0.0,0.0,0.0
2026-03-05T11:13:41+00:00,1772709221.0640612,0.0,0.0,0.0,0.0,34.8,0.0,0.0,0.0,0.0
2026-03-05T11:13:42+00:00,1772709222.0638428,0.0,32775.157813204976,0.0,7.00152907386581,34.8,0.0,0.0,0.0,0.0
2026-03-05T11:13:43+00:00,1772709223.0638378,0.0,4096.020507915179,0.0,1.0000050068152293,34.8,0.0,0.0,0.0,0.0
2026-03-05T11:13:44+00:00,1772709224.0638602,0.0,491508.98462186946,0.0,33.999238031297935,34.8,0.0,0.0,0.0,0.0
2026-03-05T11:13:45+00:00,1772709225.064183,0.0,65514.85057743028,0.0,0.999677285422215,34.8,0.0,0.0,0.0,0.0
2026-03-05T11:13:46+00:00,1772709226.063777,106539.25779820212,200785.5243119963,9.00365572588472,18.00731145176944,34.8,0.0,0.0,0.0,0.0
2026-03-05T11:13:47+00:00,1772709227.0640712,9861290.72418555,266161.6929604737,163.95176399308028,20.993823438138328,34.8,181.94646979719883,0.0,1.999411756013174,0.0
2026-03-05T11:13:48+00:00,1772709228.0641146,738271.9647689848,159737.06866014097,30.9986549007435,22.999002023132274,34.8,3959.828174417557,5841.746513875598,16.999262364923855,17.999218974625258
2026-03-05T11:13:49+00:00,1772709229.0638912,240693.77055716803,184361.1859586819,14.003128273771411,7.001564136885706,34.8,162.03619859649774,528.1179806108075,3.000670344379588,3.000670344379588
2026-03-05T11:13:50+00:00,1772709230.0639184,0.0,32767.109399206278,0.0,2.999918463062098,34.8,0.0,0.0,0.0,0.0
2026-03-05T11:13:51+00:00,1772709231.0641627,0.0,106469.98096788119,0.0,10.997312487292415,34.8,0.0,53.98680675579913,0.0,0.9997556806629468
2026-03-05T11:13:52+00:00,1772709232.0638928,0.0,36873.951904667876,0.0,9.002429664225556,34.8,0.0,0.0,0.0,0.0
2026-03-05T11:13:53+00:00,1772709233.0638669,0.0,0.0,0.0,0.0,34.8,0.0,0.0,0.0,0.0
2026-03-05T11:13:54+00:00,1772709234.0641418,0.0,143320.6016507856,0.0,4.998625894628404,34.8,0.0,0.0,0.0,0.0
2026-03-05T11:13:55+00:00,1772709235.0637805,0.0,69657.16045524829,0.0,2.0007226693258353,34.8,0.0,0.0,0.0,0.0
2026-03-05T11:13:56+00:00,1772709236.0638406,0.0,0.0,0.0,0.0,34.8,0.0,0.0,0.0,0.0
2026-03-05T11:13:57+00:00,1772709237.064097,0.0,4094.950464308469,0.0,0.9997437657003098,34.8,0.0,0.0,0.0,0.0
2026-03-05T11:13:58+00:00,1772709238.063861,0.0,45066.63727638808,0.0,6.00141654071219,34.8,0.0,0.0,0.0,0.0
2026-03-05T11:13:59+00:00,1772709239.063945,0.0,8191.310604895704,0.0,1.9998316906483653,34.8,0.0,0.0,0.0,0.0
2026-03-05T11:14:00+00:00,1772709240.0642664,0.0,65514.944267065046,0.0,0.9996787150125892,34.8,0.0,0.0,0.0,0.0
2026-03-05T11:14:01+00:00,1772709241.0642257,0.0,69634.83898293163,0.0,2.000081542478505,34.8,0.0,0.0,0.0,0.0
2026-03-05T11:14:02+00:00,1772709242.0637648,0.0,86055.65987933797,0.0,2.0009221512122854,34.8,0.0,0.0,0.0,0.0
2026-03-05T11:14:03+00:00,1772709243.0641778,0.0,8188.618583825306,0.0,0.9995872294708625,34.8,0.0,0.0,0.0,0.0
2026-03-05T11:14:04+00:00,1772709244.0641663,0.0,159745.82814592146,0.0,5.000057221113828,34.8,0.0,0.0,0.0,0.0
2026-03-05T11:14:05+00:00,1772709245.0638664,0.0,4097.228884204943,0.0,1.0003000205578474,34.8,0.0,0.0,0.0,0.0
2026-03-05T11:14:06+00:00,1772709246.0638049,0.0,69636.28346660957,0.0,2.0001230315547325,34.8,0.0,0.0,0.0,0.0
2026-03-05T11:14:07+00:00,1772709247.0637922,0.0,405509.1240881864,0.0,90.00113727099308,34.8,0.0,0.0,0.0,0.0
2026-03-05T11:14:08+00:00,1772709248.063873,0.0,0.0,0.0,0.0,34.8,0.0,0.0,0.0,0.0
2026-03-05T11:14:09+00:00,1772709249.0638402,0.0,102403.36925147932,0.0,5.000164514232389,34.8,0.0,0.0,0.0,0.0
2026-03-05T11:14:10+00:00,1772709250.0638797,0.0,495596.3855419159,0.0,44.998219083698295,34.8,0.0,0.0,0.0,0.0
2026-03-05T11:14:11+00:00,1772709251.063862,0.0,81921.44533800006,0.0,1.0000176432861336,34.8,0.0,0.0,0.0,0.0
2026-03-05T11:14:12+00:00,1772709252.0637813,0.0,36866.97973302114,0.0,5.00040415215673,34.8,55.00444567372403,66.00533480846883,1.000080830431346,1.000080830431346
2026-03-05T11:14:13+00:00,1772709253.0638726,0.0,4095.6260107130756,0.0,0.999908694021747,34.8,0.0,0.0,0.0,0.0
2026-03-05T11:14:14+00:00,1772709254.0638013,0.0,73733.25623407698,0.0,4.000285168949489,34.8,0.0,0.0,0.0,0.0
2026-03-05T11:14:15+00:00,1772709255.0639703,0.0,65524.923747316156,0.0,0.9998309897966943,34.8,0.0,0.0,0.0,0.0
2026-03-05T11:14:16+00:00,1772709256.0640702,0.0,69625.04464013476,0.0,1.999800225187694,34.8,0.0,0.0,0.0,0.0
2026-03-05T11:14:17+00:00,1772709257.0638397,811195.0216336059,127005.28116485749,21.00484268256999,8.001844831455236,34.8,0.0,0.0,0.0,0.0
2026-03-05T11:14:18+00:00,1772709258.0638094,0.0,4096.124027192939,0.0,1.0000302800764012,34.8,55.001665404202065,66.00199848504248,1.0000302800764012,1.0000302800764012
2026-03-05T11:14:19+00:00,1772709259.0639565,0.0,90098.74609033162,0.0,1.9997058347463517,34.8,0.0,0.0,0.0,0.0
2026-03-05T11:14:20+00:00,1772709260.0641036,131052.7215859369,4095.397549560528,1.9997058347463517,0.9998529173731758,34.8,0.0,0.0,0.0,0.0
2026-03-05T11:14:21+00:00,1772709261.0638711,0.0,4096.9523698235935,0.0,1.0002325121639632,34.8,0.0,0.0,0.0,0.0
2026-03-05T11:14:22+00:00,1772709262.0640972,0.0,77806.41413102241,0.0,3.9990961210435034,34.8,1587.6411600542708,4019.091601648721,11.99728836313051,10.997514332869635
2026-03-05T11:14:23+00:00,1772709263.063841,32776.39277406677,127008.52199950874,2.0005122542765363,12.003073525659218,34.8,852.2182203218044,1282.3283549912596,5.001280635691341,5.001280635691341
2026-03-05T11:14:24+00:00,1772709264.0639057,0.0,262127.0635942855,0.0,43.99715728053498,34.8,287.9813931089562,879.9431456106995,3.9997415709577253,5.999612356436588
2026-03-05T11:14:25+00:00,1772709265.0638978,0.0,303106.38478438806,0.0,8.000062943000106,34.8,0.0,0.0,0.0,0.0
2026-03-05T11:14:26+00:00,1772709266.0638244,0.0,0.0,0.0,0.0,34.8,0.0,0.0,0.0,0.0
2026-03-05T11:14:27+00:00,1772709267.0639966,0.0,495530.70023022505,0.0,45.992083004968265,34.8,835.8561172207276,433.9253048729615,4.9991394570617675,3.9993115656494145
2026-03-05T11:14:28+00:00,1772709268.0639732,0.0,98306.29692866778,0.0,14.000327117933645,34.8,4159.097177391859,20398.47661082932,13.000303752366955,29.000677601433978
2026-03-05T11:14:29+00:00,1772709269.0639,0.0,172044.5927185928,0.0,6.00043919916967,34.8,2243.1641872895952,4492.32881377836,8.000585598892894,9.000658798754506
2026-03-05T11:14:30+00:00,1772709270.0639267,0.0,65534.2500467288,0.0,0.9999732978321655,34.8,2338.937543629435,6238.83340517488,7.999786382657324,15.999572765314648
2026-03-05T11:14:31+00:00,1772709271.0639822,0.0,135160.49162803905,0.0,2.999833354670611,34.8,0.0,0.0,0.0,0.0
2026-03-05T11:14:32+00:00,1772709272.0641325,0.0,4095.384858021604,0.0,0.9998498188529307,34.8,107.98378043611652,107.98378043611652,1.9996996377058613,1.9996996377058613
2026-03-05T11:14:33+00:00,1772709273.063939,0.0,4096.79214535472,0.0,1.000193394861992,34.8,703.1359565879804,2210.4274026450025,3.0005801845859765,4.000773579447968
2026-03-05T11:14:34+00:00,1772709274.0640168,0.0,4095.6816653673864,0.0,0.9999222815838346,34.8,0.0,0.0,0.0,0.0
2026-03-05T11:14:35+00:00,1772709275.0639486,0.0,73733.02768657645,0.0,2.000136384727009,34.8,0.0,0.0,0.0,0.0
2026-03-05T11:14:36+00:00,1772709276.0642676,0.0,8189.387552131474,0.0,1.9993621953445981,34.8,227.92729026928419,165.94706221360164,3.9987243906891963,2.999043293016897
2026-03-05T11:14:37+00:00,1772709277.0638788,0.0,69659.08768177246,0.0,2.0007780239479684,34.8,108.04201329319028,108.04201329319028,2.0007780239479684,2.0007780239479684
2026-03-05T11:14:38+00:00,1772709278.0638423,0.0,0.0,0.0,0.0,34.8,0.0,0.0,0.0,0.0
2026-03-05T11:14:39+00:00,1772709279.0638916,0.0,86011.75509230992,0.0,3.9998025991587576,34.8,0.0,0.0,0.0,0.0
2026-03-05T11:14:40+00:00,1772709280.064085,0.0,94189.78770117149,0.0,22.99555363798132,34.8,0.0,0.0,0.0,0.0
2026-03-05T11:14:41+00:00,1772709281.063852,0.0,0.0,0.0,0.0,34.8,0.0,0.0,0.0,0.0
2026-03-05T11:14:42+00:00,1772709282.0639994,0.0,8190.793146571021,0.0,1.9997053580495656,34.8,0.0,0.0,0.0,0.0
2026-03-05T11:14:43+00:00,1772709283.0638492,0.0,4096.615326799365,0.0,1.0001502262693762,34.8,0.0,0.0,0.0,0.0
2026-03-05T11:14:44+00:00,1772709284.0639453,0.0,151537.43987553837,0.0,4.99951963271809,34.8,0.0,0.0,0.0,0.0
2026-03-05T11:14:45+00:00,1772709285.0639007,0.0,0.0,0.0,0.0,34.8,0.0,0.0,0.0,0.0
2026-03-05T11:14:46+00:00,1772709286.0643487,0.0,642784.0401355232,0.0,51.97671502887267,34.8,0.0,0.0,0.0,0.0
2026-03-05T11:14:47+00:00,1772709287.064085,0.0,159786.1341572709,0.0,15.00395640749614,34.8,0.0,0.0,0.0,0.0
2026-03-05T11:14:48+00:00,1772709288.0638278,0.0,8194.107964156467,0.0,2.0005146396866373,34.8,0.0,0.0,0.0,0.0
2026-03-05T11:14:49+00:00,1772709289.0637724,0.0,8192.45315006514,0.0,2.000110632340122,34.8,0.0,0.0,0.0,0.0
2026-03-05T11:14:50+00:00,1772709290.064134,0.0,147402.72238179902,0.0,5.99783212816565,34.8,0.0,0.0,0.0,0.0
2026-03-05T11:14:51+00:00,1772709291.0640063,65544.36044140725,20482.61263793976,1.0001275702119026,3.0003827106357073,34.8,0.0,0.0,0.0,0.0
2026-03-05T11:14:52+00:00,1772709292.0638554,0.0,69642.51037527742,0.0,2.0003018834810837,34.8,0.0,0.0,0.0,0.0
2026-03-05T11:14:53+00:00,1772709293.0640721,0.0,0.0,0.0,0.0,34.8,0.0,0.0,0.0,0.0
2026-03-05T11:14:54+00:00,1772709294.0639596,0.0,94218.60275566594,0.0,5.000562731172828,34.8,0.0,0.0,0.0,0.0
2026-03-05T11:14:55+00:00,1772709295.0637364,0.0,12290.742799582578,0.0,3.0006696288043404,34.8,0.0,0.0,0.0,0.0
2026-03-05T11:14:56+00:00,1772709296.064026,0.0,65517.02112277408,0.0,0.9997104053157666,34.8,0.0,0.0,0.0,0.0
2026-03-05T11:14:57+00:00,1772709297.064161,0.0,61431.71010305444,0.0,10.99851580621092,34.8,107.98542791552539,278.9623554484406,1.9997301465838035,3.999460293167607
2026-03-05T11:14:58+00:00,1772709298.0640192,0.0,12289.74341138119,0.0,2.000283758362824,34.8,0.0,0.0,0.0,0.0
2026-03-05T11:14:59+00:00,1772709299.0637505,0.0,200757.9432053548,0.0,7.001881389695689,34.8,0.0,0.0,0.0,0.0
2026-03-05T11:15:00+00:00,1772709300.0639415,0.0,131046.97352938722,0.0,2.9994271895459113,34.8,0.0,0.0,0.0,0.0
2026-03-05T11:15:01+00:00,1772709301.0639718,65534.01568508339,4095.8759803177118,0.9999697217572538,0.9999697217572538,34.8,0.0,0.0,0.0,0.0
2026-03-05T11:15:02+00:00,1772709302.0643103,0.0,221109.14253082423,0.0,18.993569643761123,34.8,0.0,0.0,0.0,0.0
2026-03-05T11:15:03+00:00,1772709303.0643487,0.0,49150.11335366966,0.0,5.999769696492878,34.8,54.99788888451805,65.99746666142165,0.9999616160821464,0.9999616160821464
2026-03-05T11:15:04+00:00,1772709304.0641904,0.0,73739.67372306636,0.0,3.000475005007583,34.8,1.0001583350025276,0.0,1.0001583350025276,0.0
2026-03-05T11:15:05+00:00,1772709305.0640328,0.0,4096.645609557132,0.0,1.0001576195207842,34.8,1.0001576195207842,0.0,1.0001576195207842,0.0
2026-03-05T11:15:06+00:00,1772709306.0637705,0.0,4097.074500548983,0.0,1.0002623292355917,34.8,428.11227691283324,0.0,6.00157397541355,0.0
2026-03-05T11:15:07+00:00,1772709307.0640233,0.0,69614.40678997102,0.0,1.9994946803185611,34.8,427.8918615881721,0.0,5.998484040955684,0.0
2026-03-05T11:15:08+00:00,1772709308.0640197,0.0,0.0,0.0,0.0,34.8,427.0015270764604,0.0,5.0000178814573815,0.0
2026-03-05T11:15:09+00:00,1772709309.0638556,16386.687940908276,155673.53543862863,1.0001640588933274,5.000820294466637,34.8,427.0700531474508,0.0,5.000820294466637,0.0
2026-03-05T11:15:10+00:00,1772709310.0638623,0.0,266238.222668115,0.0,5.999959945946101,34.8,0.0,0.0,0.0,0.0
2026-03-05T11:15:11+00:00,1772709311.0638516,0.0,0.0,0.0,0.0,34.8,6476.069480687769,0.0,36.00038624224207,0.0
2026-03-05T11:15:12+00:00,1772709312.064239,0.0,135115.65211708777,0.0,13.994578077941739,34.8,1507.415981538296,0.0,8.996514478676831,0.0
2026-03-05T11:15:13+00:00,1772709313.0638697,0.0,81950.26508345944,0.0,18.00665004275232,34.8,1651.6099566991154,0.0,11.004063915015307,0.0
2026-03-05T11:15:14+00:00,1772709314.0638657,0.0,561154.274423281,0.0,36.00014591276181,34.8,6477.026252137729,0.0,37.00014996589408,0.0
2026-03-05T11:15:15+00:00,1772709315.064141,0.0,0.0,0.0,0.0,34.8,1507.5848511450117,0.0,8.997522321157232,0.0
2026-03-05T11:15:16+00:00,1772709316.0637836,0.0,86046.75220144987,0.0,11.003932689452526,34.8,1651.590260935102,0.0,11.003932689452526,0.0
2026-03-05T11:15:17+00:00,1772709317.0640368,0.0,69614.37360363791,0.0,1.9994937271265487,34.8,4994.7353303621185,0.0,27.992912179771682,0.0
2026-03-05T11:15:18+00:00,1772709318.0638082,0.0,4096.93673761639,0.0,1.0002286957071265,34.8,2989.683571468601,0.0,18.004116522728275,0.0
2026-03-05T11:15:19+00:00,1772709319.0642178,0.0,8188.645905097733,0.0,1.9991811291742512,34.8,1648.3248410041701,0.0,8.99631508128413,0.0
2026-03-05T11:15:20+00:00,1772709320.0638387,0.0,16390.21329286949,0.0,2.0007584586022324,34.8,0.0,0.0,0.0,0.0
2026-03-05T11:15:21+00:00,1772709321.0638099,0.0,61441.77251207208,0.0,2.0000576989606795,34.8,0.0,0.0,0.0,0.0
2026-03-05T11:15:22+00:00,1772709322.063734,0.0,40963.105704215515,0.0,3.000227468570472,34.8,2.000151645713648,0.0,2.000151645713648,0.0
2026-03-05T11:15:23+00:00,1772709323.0638454,0.0,81910.87992169299,0.0,0.9998886709191038,34.8,0.9998886709191038,0.0,0.9998886709191038,0.0
2026-03-05T11:15:24+00:00,1772709324.0641716,0.0,85987.95445973851,0.0,3.998695798908971,34.8,0.0,0.0,0.0,0.0
2026-03-05T11:15:25+00:00,1772709325.0641274,0.0,4096.18067203148,0.0,1.0000441093826855,34.8,2.000088218765371,0.0,2.000088218765371,0.0
2026-03-05T11:15:26+00:00,1772709326.0642,0.0,0.0,0.0,0.0,34.8,0.9999275260048138,0.0,0.9999275260048138,0.0
2026-03-05T11:15:27+00:00,1772709327.0638347,0.0,69657.44288694925,0.0,2.0007307814495996,34.8,0.0,0.0,0.0,0.0
2026-03-05T11:15:28+00:00,1772709328.063866,0.0,4095.872074307982,0.0,0.9999687681415972,34.8,54.99828224778784,65.99793869734542,0.9999687681415972,0.9999687681415972
2026-03-05T11:15:29+00:00,1772709329.0641227,0.0,135133.30090211116,0.0,16.995635914831098,34.8,0.0,0.0,0.0,0.0
2026-03-05T11:15:30+00:00,1772709330.063951,0.0,0.0,0.0,0.0,34.8,0.0,0.0,0.0,0.0
2026-03-05T11:15:31+00:00,1772709331.0638902,0.0,73732.4826944082,0.0,3.0001824013024168,34.8,0.0,0.0,0.0,0.0
2026-03-05T11:15:32+00:00,1772709332.0640676,0.0,4095.273566357286,0.0,0.9998226480364468,34.8,0.0,0.0,0.0,0.0
2026-03-05T11:15:33+00:00,1772709333.0638793,0.0,86032.20422395156,0.0,5.000941930800756,34.8,0.0,54.01017285264816,0.0,1.000188386160151
2026-03-05T11:15:34+00:00,1772709334.0637958,0.0,114697.57111117576,0.0,4.000333813866342,34.8,0.0,0.0,0.0,0.0
2026-03-05T11:15:35+00:00,1772709335.0637527,0.0,24577.060592643564,0.0,6.00025893375087,34.8,0.0,0.0,0.0,0.0
2026-03-05T11:15:36+00:00,1772709336.0639918,0.0,8190.041483972448,0.0,1.999521846672961,34.8,173.9584006605476,57.98613355351587,2.9992827700094415,0.9997609233364805
2026-03-05T11:15:37+00:00,1772709337.0637505,0.0,28678.91963831758,0.0,2.0004826756638936,34.8,54.01303224292513,54.01303224292513,1.0002413378319468,1.0002413378319468
2026-03-05T11:15:38+00:00,1772709338.0637946,0.0,0.0,0.0,0.0,34.8,0.0,0.0,0.0,0.0
2026-03-05T11:15:39+00:00,1772709339.0641093,0.0,28662.979401395358,0.0,2.999056159465195,34.8,0.0,0.0,0.0,0.0
2026-03-05T11:15:40+00:00,1772709340.0638273,0.0,73748.80078872039,0.0,2.000564257506521,34.8,0.0,0.0,0.0,0.0
2026-03-05T11:15:41+00:00,1772709341.0638573,0.0,0.0,0.0,0.0,34.8,0.0,0.0,0.0,0.0
2026-03-05T11:15:42+00:00,1772709342.0638287,0.0,4096.117190852857,0.0,1.0000286110480607,34.8,0.0,0.0,0.0,0.0
2026-03-05T11:15:43+00:00,1772709343.063741,0.0,585779.3951343083,0.0,35.00307110075118,34.8,0.0,142.01245989447622,0.0,1.000087745735748
2026-03-05T11:15:44+00:00,1772709344.0638547,0.0,241636.51972677477,0.0,20.997612032666307,34.8,0.0,0.0,0.0,0.0
2026-03-05T11:15:45+00:00,1772709345.0638733,0.0,0.0,0.0,0.0,34.8,0.0,0.0,0.0,0.0
2026-03-05T11:15:46+00:00,1772709346.063802,0.0,372762.57318338915,0.0,60.00427753424233,34.8,0.0,0.0,0.0,0.0
2026-03-05T11:15:47+00:00,1772709347.0638492,0.0,4095.8066497524615,0.0,0.999952795349722,34.8,0.0,0.0,0.0,0.0
2026-03-05T11:15:48+00:00,1772709348.0641413,0.0,4094.8040602269703,0.0,0.9997080225163502,34.8,0.0,0.0,0.0,0.0
2026-03-05T11:15:49+00:00,1772709349.0641832,0.0,81916.56264423719,0.0,2.999874120272358,34.8,0.0,0.0,0.0,0.0
2026-03-05T11:15:50+00:00,1772709350.063947,0.0,4096.96800215009,0.0,1.0002363286499243,34.8,0.0,0.0,0.0,0.0
2026-03-05T11:15:51+00:00,1772709351.064108,0.0,4095.3409263788926,0.0,0.9998390933542218,34.8,0.0,263.95752064551453,0.0,1.9996781867084437
2026-03-05T11:15:52+00:00,1772709352.06409,65537.17189595514,348166.22569726163,1.0000178817131826,33.00059009653503,34.8,0.0,264.0047207722802,0.0,2.0000357634263652
2026-03-05T11:15:53+00:00,1772709353.0637887,0.0,475279.2306641482,0.0,54.0162784042127,34.8,3494.0529715910175,5807.750229904795,19.00572758666743,18.005426134737565
2026-03-05T11:15:54+00:00,1772709354.0638738,49147.81676230809,1048486.7575959058,2.9997446754338433,118.98987212554245,34.8,161.98621247342754,608.9481691130702,2.9997446754338433,2.9997446754338433
2026-03-05T11:15:55+00:00,1772709355.0637932,0.0,4096.330104726648,0.0,1.0000805919742792,34.8,0.0,264.02127628120974,0.0,2.0001611839485585
2026-03-05T11:15:56+00:00,1772709356.0638313,0.0,61437.656339403555,0.0,1.9999237089649595,34.8,334.98722125163073,417.98405517367655,1.9999237089649595,2.9998855634474393
2026-03-05T11:15:57+00:00,1772709357.0641096,0.0,49138.3280227655,0.0,11.996662114932983,34.8,0.0,0.0,0.0,0.0
2026-03-05T11:15:58+00:00,1772709358.0637648,0.0,4097.412596372212,0.0,1.0003448721611845,34.8,0.0,0.0,0.0,0.0
2026-03-05T11:15:59+00:00,1772709359.0638697,0.0,241638.65109670578,0.0,6.999265747802488,34.8,0.0,0.0,0.0,0.0
2026-03-05T11:16:00+00:00,1772709360.0641763,0.0,0.0,0.0,0.0,34.8,0.0,0.0,0.0,0.0
2026-03-05T11:16:01+00:00,1772709361.0637476,0.0,290940.7194799483,0.0,11.004717464924319,34.8,0.0,0.0,0.0,0.0
2026-03-05T11:16:02+00:00,1772709362.0640342,0.0,380818.865260114,0.0,78.97736673478717,34.8,0.0,0.0,0.0,0.0
2026-03-05T11:16:03+00:00,1772709363.0638797,196638.379693518,57352.86074394276,3.000463557335175,5.000772595558625,34.8,454.0701516767231,408.06304379758376,5.000772595558625,3.000463557335175
2026-03-05T11:16:04+00:00,1772709364.064034,0.0,102384.20653781177,0.0,2.999537300912454,34.8,131.97964124014797,382.9409287498233,1.9996915339416361,2.999537300912454
2026-03-05T11:16:05+00:00,1772709365.0637374,0.0,45069.367245877715,0.0,3.000890042117213,34.8,0.0,0.0,0.0,0.0
2026-03-05T11:16:06+00:00,1772709366.063848,0.0,4095.5469251219615,0.0,0.9998893860161039,34.8,0.0,0.0,0.0,0.0
2026-03-05T11:16:07+00:00,1772709367.0640404,0.0,8190.42413132811,0.0,1.9996152664375269,34.8,0.0,0.0,0.0,0.0
2026-03-05T11:16:08+00:00,1772709368.0641592,0.0,0.0,0.0,0.0,34.8,0.0,0.0,0.0,0.0
2026-03-05T11:16:09+00:00,1772709369.0641522,0.0,425986.9453328644,0.0,44.00030422421038,34.8,0.0,0.0,0.0,0.0
2026-03-05T11:16:10+00:00,1772709370.063848,0.0,135209.13360750274,0.0,14.00426040560664,34.8,0.0,0.0,0.0,0.0
2026-03-05T11:16:11+00:00,1772709371.0639918,0.0,4095.411217459648,0.0,0.9998562542626094,34.8,0.0,0.0,0.0,0.0
2026-03-05T11:16:12+00:00,1772709372.0640693,0.0,0.0,0.0,0.0,34.8,0.0,0.0,0.0,0.0
2026-03-05T11:16:13+00:00,1772709373.0640337,5888209.1749112755,32769.164103854055,280.0099471764873,7.000248679412182,34.8,0.0,0.0,0.0,0.0
2026-03-05T11:16:14+00:00,1772709374.064183,0.0,102384.71907755313,0.0,4.99925386120865,34.8,0.0,0.0,0.0,0.0
2026-03-05T11:16:15+00:00,1772709375.063858,59923.473002839775,0.0,12.00390084191502,0.0,34.8,0.0,0.0,0.0,0.0
2026-03-05T11:16:16+00:00,1772709376.0637543,16385.699394997795,155664.14425247905,1.0001037228392209,7.0007260598745455,34.8,1088.1128504490723,779.080800091753,7.0007260598745455,4.0004148913568836
2026-03-05T11:16:17+00:00,1772709377.0641248,2674721.0092543648,4094.482983933203,103.96148201392897,0.9996296347493171,34.8,1180.5625986389434,1166.5677837524531,4.998148173746586,8.996666712743854
2026-03-05T11:16:18+00:00,1772709378.0638795,178219.72312905785,364633.4565169229,4.000981571683231,72.01766829029816,34.8,3123.7663620916824,6269.538122827623,16.003926286732924,13.0031901079705
2026-03-05T11:16:19+00:00,1772709379.0641363,688975.0871751576,131038.35238992597,8.997689601969403,3.9989731564308464,34.8,2024.480160443116,2923.2493773509486,13.996406047507962,19.994865782154232
2026-03-05T11:16:20+00:00,1772709380.064314,1483512.4957787143,8190.545180282757,54.99023253363667,1.99964481940497,34.8,0.0,0.0,0.0,0.0
2026-03-05T11:16:21+00:00,1772709381.0638072,0.0,131138.43991108204,0.0,13.00658965182546,34.8,7327.712508459204,8458.285301271726,11.005575859236927,11.005575859236927
2026-03-05T11:16:22+00:00,1772709382.0642023,5632334.892111723,135114.62167355703,9.996050964248715,10.995656060673586,34.8,6145.57213282011,10857.710557366954,25.989732507046657,32.98696818202076
2026-03-05T11:16:23+00:00,1772709383.0637767,7171.051835901042,385187.92718554166,1.0004257583567302,49.020862159479776,34.8,0.0,0.0,0.0,0.0
2026-03-05T11:16:24+00:00,1772709384.0638747,0.0,16382.394688554527,0.0,3.9996080782603824,34.8,841.9175004738105,1168.8854608715967,12.998726254346243,13.998628273911338
2026-03-05T11:16:25+00:00,1772709385.064049,401338.0532062307,110572.72894457377,8.99843171749461,21.99616642054238,34.8,5081.114443145289,7655.665740095136,10.99808321027119,12.997734703047769
2026-03-05T11:16:26+00:00,1772709386.0639575,0.0,36867.37530901877,0.0,9.00082405005341,34.8,84.00769113383183,0.0,1.0000915611170456,0.0
2026-03-05T11:16:27+00:00,1772709387.0639048,0.0,0.0,0.0,0.0,34.8,0.0,54.00284543725053,0.0,1.0000526932824172
2026-03-05T11:16:28+00:00,1772709388.0642838,81888.95708042195,49133.374248253174,1.999242116221239,9.996210581106196,34.8,0.0,0.0,0.0,0.0
2026-03-05T11:16:29+00:00,1772709389.0637796,0.0,204903.32358584023,0.0,6.003027058178914,34.8,0.0,0.0,0.0,0.0
2026-03-05T11:16:30+00:00,1772709390.0638452,0.0,0.0,0.0,0.0,34.8,0.0,0.0,0.0,0.0
2026-03-05T11:16:31+00:00,1772709391.0640426,0.0,372662.4324917547,0.0,39.99210513519002,34.8,0.0,0.0,0.0,0.0
2026-03-05T11:16:32+00:00,1772709392.0642922,0.0,159704.1339749642,0.0,15.996007008710356,34.8,0.0,0.0,0.0,0.0
2026-03-05T11:16:33+00:00,1772709393.0638402,0.0,90152.7527969606,0.0,7.003165722420146,34.8,0.0,0.0,0.0,0.0
2026-03-05T11:16:34+00:00,1772709394.0638492,23675689.500478502,94207.1464921077,734.9933410294153,17.999836923169354,34.8,0.0,0.0,0.0,0.0
2026-03-05T11:16:35+00:00,1772709395.0639038,10483139.643065866,1089476.5169195235,814.9555051778112,31.99825296403676,34.8,0.0,0.0,0.0,0.0
2026-03-05T11:16:36+00:00,1772709396.0637612,1437388.9347360067,2773387.4137977245,192.02737817100197,266.037930174409,34.8,66.00941124628193,0.0,1.0001425946406353,0.0
2026-03-05T11:16:37+00:00,1772709397.063805,1060817.4629790334,569319.0245331492,45.997982113669174,51.997718911104286,34.8,161.99289353074798,111.9950868854554,2.999868398717555,1.9999122658117034
2026-03-05T11:16:38+00:00,1772709398.0641367,863969.472953587,69608.91488251649,29.990054091157724,10.996353166757832,34.8,0.0,0.0,0.0,0.0
2026-03-05T11:16:39+00:00,1772709399.0640566,32770.62521030203,1319017.6647146568,2.0001602301209735,140.01121610846818,34.8,0.0,0.0,0.0,0.0
2026-03-05T11:16:40+00:00,1772709400.0637803,0.0,77845.5108268376,0.0,15.004146052664527,34.8,0.0,0.0,0.0,0.0
2026-03-05T11:16:41+00:00,1772709401.0640187,0.0,204751.18351375728,0.0,15.996186212012288,34.8,0.0,0.0,0.0,0.0
2026-03-05T11:16:42+00:00,1772709402.0640297,0.0,0.0,0.0,0.0,34.8,0.0,0.0,0.0,0.0
2026-03-05T11:16:43+00:00,1772709403.063927,131085.47013416953,61446.31412539197,2.0002055379359365,11.001130458647651,34.8,0.0,0.0,0.0,0.0
2026-03-05T11:16:44+00:00,1772709404.0639465,0.0,53246.95900472679,0.0,10.999784950645935,34.8,0.0,0.0,0.0,0.0
2026-03-05T11:16:45+00:00,1772709405.0642283,0.0,0.0,0.0,0.0,34.8,0.0,0.0,0.0,0.0
2026-03-05T11:16:46+00:00,1772709406.0639343,0.0,155693.76931418522,0.0,19.0055870744855,34.8,0.0,0.0,0.0,0.0
2026-03-05T11:16:47+00:00,1772709407.0641665,8190.0980979091255,73710.88288118213,0.9997678342174225,14.996517513261338,34.8,0.0,0.0,0.0,0.0
2026-03-05T11:16:48+00:00,1772709408.0637617,565476.9247079263,12292.976624085353,18.00728997668753,3.001214996114588,34.8,0.0,0.0,0.0,0.0
2026-03-05T11:16:49+00:00,1772709409.0641594,0.0,110548.03701454634,0.0,2.998807427694942,34.8,19952817.119992223,0.0,36.98529160823762,0.0
2026-03-05T11:16:50+00:00,1772709410.06418,0.0,221179.4649367369,0.0,6.999856474958218,34.8,34794854.56637842,0.0,23.999507914142463,0.0
2026-03-05T11:16:51+00:00,1772709411.0637207,0.0,20489.40861725732,0.0,5.002297025697588,34.8,30460109.104925174,0.0,43.01975442099925,0.0
2026-03-05T11:16:52+00:00,1772709412.0637794,511.9699724642691,291310.9143321691,0.9999413524692756,19.99882704938551,34.8,32077570.61935321,0.0,33.99800598395537,0.0
2026-03-05T11:16:53+00:00,1772709413.0641768,0.0,0.0,0.0,0.0,34.8,33183595.38670215,0.0,22.990862424930963,0.0
2026-03-05T11:16:54+00:00,1772709414.064048,49158.32893982589,20482.63705826079,1.00012876261039,5.00064381305195,34.8,30450042.322144974,0.0,63.00811204445458,0.0
2026-03-05T11:16:55+00:00,1772709415.063897,376888.9695488677,12289.857702680469,23.003477145316634,3.000453540693474,34.8,34800986.42589999,0.0,26.003930686010104,0.0
2026-03-05T11:16:56+00:00,1772709416.0638323,37751175.157597475,102406.616638448,23.001486159026406,13.00084000292797,34.8,30450272.435796283,8737.564546583206,30.001938468295315,17.001098465367345
2026-03-05T11:16:57+00:00,1772709417.0637603,33556848.17397035,81925.89886223231,21.001512159507794,1.000072007595609,34.8,31933655.3001701,0.0,58.00417644054533,0.0
2026-03-05T11:16:58+00:00,1772709418.0641484,29348736.421589293,274325.52179777937,16.99340408757816,33.98680817515632,34.8,33365513.327922378,0.0,76.97012439667755,0.0
2026-03-05T11:16:59+00:00,1772709419.0638688,33563818.62511045,376937.4161999709,20.00559486455348,26.007273323919524,34.8,30454639.096438438,0.0,24.006713837464176,0.0
2026-03-05T11:17:00+00:00,1772709420.0641992,29350429.204948887,0.0,15.99471457614838,0.0,34.8,34784181.63150852,107.96432338900156,68.9772066096399,1.9993393220185476
2026-03-05T11:17:01+00:00,1772709421.0639944,29366142.231724035,45065.22942926401,22.004506557257816,3.000614530535157,34.8,30452358.690548703,0.0,60.01229061070313,0.0
2026-03-05T11:17:02+00:00,1772709422.0640168,33553680.016852956,24575.449231093473,20.999529372272253,5.99986553493493,34.8,32071439.2358646,0.0,55.99874499272601,0.0
2026-03-05T11:17:03+00:00,1772709423.064134,29356691.40230023,61432.80845905461,20.997541953778434,1.9997659003598507,34.8,33165649.51224744,0.0,22.997307854138285,0.0
2026-03-05T11:17:04+00:00,1772709424.06405,33557248.23634796,4096.343778851069,20.001678607671238,1.0000839303835618,34.8,30448678.354781363,0.0,22.001846468438362,0.0
2026-03-05T11:17:05+00:00,1772709425.0638156,29367010.613046795,40969.6018597193,18.004219567259458,10.002344204033033,34.8,34803725.79131815,0.0,40.00937681613213,0.0
2026-03-05T11:17:06+00:00,1772709426.0641015,29351737.39856985,4094.82943618441,16.99514170291381,0.9997142178184595,34.8,30437848.918520615,0.0,26.992283881098405,0.0
2026-03-05T11:17:07+00:00,1772709427.0641,33554480.000068665,114688.1640627347,26.000037193351545,5.000007152567605,34.8,33847097.41866124,66.00009441389238,44.00006294259492,1.000001430513521
2026-03-05T11:17:08+00:00,1772709428.0641975,29357265.279153068,0.0,18.998147429871842,0.0,34.8,31392489.817897912,0.0,26.997367400344196,0.0
2026-03-05T11:17:09+00:00,1772709429.0637221,33570391.58729388,102448.70479520837,19.009037022548426,4.001902531062827,34.8,30460818.27547295,0.0,55.026159802113874,0.0
2026-03-05T11:17:10+00:00,1772709430.064011,29351646.45085658,4094.816748166376,15.995377922524906,0.9997111201578066,34.8,34785783.184676215,0.0,85.97515633357136,0.0
2026-03-05T11:17:11+00:00,1772709431.0638492,29364881.769569762,4096.663193299353,16.0025905988256,1.0001619124266,34.8,30451051.605493575,66.01068622015559,49.007933708903394,1.0001619124266
2026-03-05T11:17:12+00:00,1772709432.0641313,33544970.668560766,0.0,17.99492454630416,0.0,34.8,34785756.70587753,0.0,48.98618348716133,0.0
2026-03-05T11:17:13+00:00,1772709433.0639498,29365455.966687836,20483.71649462042,14.002540572494429,4.000725877855551,34.8,30451649.04179974,0.0,23.004173797669417,0.0
2026-03-05T11:17:14+00:00,1772709434.0639346,34382348.63300526,8192.125001907378,47.00071717402915,2.0000305180437934,34.8,30446587.578057528,0.0,33.000503547722595,0.0
2026-03-05T11:17:15+00:00,1772709435.0639117,29360800.015381213,0.0,15.00034333061212,0.0,34.8,34837243.361221954,0.0,51.00116732408121,0.0
2026-03-05T11:17:16+00:00,1772709436.064296,29348848.335122056,20472.131930191168,14.994237253557984,1.9992316338077312,34.8,30434427.113816388,0.0,29.988474507115967,0.0
2026-03-05T11:17:17+00:00,1772709437.064084,33561545.50773725,360524.41463389626,17.00360398386518,12.002543988610714,34.8,34802945.62760328,0.0,55.01165994779911,0.0
2026-03-05T11:17:18+00:00,1772709438.0639853,29363026.286076173,16385.61734714072,14.001382010496222,4.000394860141777,34.8,30449127.490012374,0.0,67.00661390737477,0.0
2026-03-05T11:17:19+00:00,1772709439.0639744,33571184.18372546,2363417.9202061486,18.000197412748573,347.00380567909747,34.8,31975612.68468654,0.0,76.00083352049397,0.0
2026-03-05T11:17:20+00:00,1772709440.0639398,29361143.03509047,28672.991245205536,14.000484006448016,6.0002074313348635,34.8,33267578.08326103,0.0,23.00079515345031,0.0
2026-03-05T11:17:21+00:00,1772709441.0640578,29356663.408881333,847771.948331255,13.998347954216639,138.98359754543662,34.8,30442529.25803787,0.0,20.997521931324957,0.0
2026-03-05T11:17:22+00:00,1772709442.064157,33563391.11141626,8191.187580577488,17.99821489872983,1.9998016554144258,34.8,33990054.79400389,0.0,30.996925658923598,0.0
2026-03-05T11:17:23+00:00,1772709443.0642445,29357559.224766854,0.0,13.998775112517764,0.0,34.8,31337878.94754654,0.0,43.99615035362726,0.0
2026-03-05T11:17:24+00:00,1772709444.0636902,33573042.31612992,237699.7624921308,16.008874090256654,5.002773153205204,34.8,30464374.109232895,3410.8907358553083,36.01996670307747,5.002773153205204
2026-03-05T11:17:25+00:00,1772709445.063825,29388937.119224463,524217.384512365,15.997844986339263,56.99232276383363,34.8,34792017.28922071,2047.7241582514257,91.98760867145077,10.998518428108243
2026-03-05T11:17:26+00:00,1772709446.0641932,29414828.850574937,290708.9154218848,14.99447668397981,20.992267357571734,34.8,30435319.9458379,1415.478598967694,70.9738563041711,6.997422452523911
2026-03-05T11:17:27+00:00,1772709447.0638628,33565523.66522026,32778.83170431666,18.00595003288879,2.000661114765421,34.8,31779860.596161433,0.0,76.025122361086,0.0
2026-03-05T11:17:28+00:00,1772709448.0637386,29363775.45307232,135184.7921249144,14.001739241157685,3.0003726945337896,34.8,33476490.318389863,0.0,31.00385117684916,0.0
2026-03-05T11:17:29+00:00,1772709449.0636613,33557024.2002413,12288.949292080553,16.001236057396554,3.000231760761854,34.8,31823334.27682154,0.0,47.003630918602376,0.0
2026-03-05T11:17:30+00:00,1772709450.0638766,29353808.360567667,81902.36707747675,13.996986561092218,0.9997847543637298,34.8,33413662.306585588,0.0,102.97782969946418,0.0
2026-03-05T11:17:31+00:00,1772709451.0641026,29353493.499535188,4095.0744279485475,13.996836423652262,0.9997740302608759,34.8,30439242.09775432,0.0,27.993672847304524,0.0
2026-03-05T11:17:32+00:00,1772709452.064086,33554992.009346165,106497.77737341312,16.000267033265192,17.000283722844266,34.8,34796148.723383576,0.0,58.00096799558632,0.0
2026-03-05T11:17:33+00:00,1772709453.0640292,29361794.09454024,90117.11357141256,15.000851202627713,15.000851202627713,34.8,30447849.721270002,0.0,54.00306432945977,0.0
2026-03-05T11:17:34+00:00,1772709454.0696604,33366538.069881313,122191.91187700676,15.910405192318589,2.9832009735597356,34.8,31672758.097920705,0.0,28.83760941107744,0.0
2026-03-05T11:17:35+00:00,1772709455.0642061,29521145.23660896,374780.1641366372,14.076779001526337,40.21936857578953,34.8,33573697.0775478,0.0,31.170010646236886,0.0
2026-03-05T11:17:36+00:00,1772709456.0638583,29370344.553855915,204871.26502410654,14.004871632507284,18.006263527509365,34.8,30456716.451261137,0.0,28.009743265014567,0.0
2026-03-05T11:17:37+00:00,1772709457.064195,33543139.801485132,61419.32336697717,15.994615460150305,1.9993269325187881,34.8,33396491.170311812,165.94413539905943,69.9764426381576,2.9989903987781825
2026-03-05T11:17:38+00:00,1772709458.0639734,29368680.894387934,18436.083423972337,19.00420925865204,4.000886159716219,34.8,31841236.542864878,0.0,62.01373547560139,0.0
2026-03-05T11:17:39+00:00,1772709459.0640604,33551512.254084412,45052.079442740294,15.998607756654936,5.9994779087456,34.8,30443472.724328905,0.0,38.996606406846404,0.0
2026-03-05T11:17:40+00:00,1772709460.0638561,29366128.22599451,16387.348340398723,14.002861130711798,2.0004087329588285,34.8,34802679.04773138,0.0,24.00490479550594,0.0
2026-03-05T11:17:41+00:00,1772709461.0638597,29360023.00037551,69631.75097745308,13.999949932277445,1.9999928474682065,34.8,30446013.1165722,0.0,33.99987840695951,0.0
2026-03-05T11:17:42+00:00,1772709462.0641448,33544866.72752425,0.0,15.995438922655225,0.0,34.8,34785648.92019354,0.0,32.9905927779764,0.0
2026-03-05T11:17:43+00:00,1772709463.0637963,29370365.56848839,405645.3949888882,14.004881653064913,82.02859253938021,34.8,30535493.69482561,0.0,80.02789516037093,0.0
2026-03-05T11:17:44+00:00,1772709464.0638945,33551136.323729187,94198.74700265763,16.99833028028596,3.999607124773167,34.8,31979690.68440581,0.0,21.997839186252417,0.0
2026-03-05T11:17:45+00:00,1772709465.0641365,29353024.718957487,0.0,13.99661289165377,0.0,34.8,33250811.474605866,0.0,22.994435464859762,0.0
2026-03-05T11:17:46+00:00,1772709466.0639355,29366030.186261896,4096.823407681626,14.002814381724308,1.000201027266022,34.8,30452242.500666633,0.0,36.007236981576796,0.0
2026-03-05T11:17:47+00:00,1772709467.0639431,33554176.00195311,4095.9687502384168,15.999877930618815,0.999992370663676,34.8,34795302.53290914,0.0,49.9996185331838,0.0
2026-03-05T11:17:48+00:00,1772709468.0642524,29351051.80662127,4094.733789986226,13.995672133741984,0.9996908666958559,34.8,30436710.08970777,0.0,29.99072600087568,0.0
2026-03-05T11:17:49+00:00,1772709469.0696397,33374632.634240318,8148.103670468828,15.914264981384429,1.9892831226730536,34.8,30282978.32272238,141.2391017097868,29.839246840095804,0.9946415613365268
2026-03-05T11:17:50+00:00,1772709470.0638,29532586.08385656,28840.416097516172,15.088108309944984,4.023495549318662,34.8,35009090.60439622,0.0,38.22320771852729,0.0
2026-03-05T11:17:51+00:00,1772709471.0641887,29348722.432457708,4094.408821492426,13.99456140158544,0.9996115286846743,34.8,30434294.554940093,0.0,74.97086465135057,0.0
2026-03-05T11:17:52+00:00,1772709472.064216,33553520.02478723,4095.8886749007847,15.99956513633119,0.9999728210206994,34.8,31863928.94739628,0.0,29.99918463062098,0.0
2026-03-05T11:17:53+00:00,1772709473.0641444,29362228.15021445,0.0,14.001001429660057,0.0,34.8,33379379.479268022,108.00772531452044,76.00543633244031,2.000143061380008
2026-03-05T11:17:54+00:00,1772709474.0640814,33556544.13294294,106502.70354693804,16.001007143470257,5.000314732334456,34.8,30448038.475810435,0.0,21.001321875804713,0.0
2026-03-05T11:17:55+00:00,1772709475.0640225,29361857.10182575,16384.964900572406,14.000824500000835,4.00023557142881,34.8,34797617.2104175,0.0,44.00259128571691,0.0
2026-03-05T11:17:56+00:00,1772709476.0641966,29355018.889218062,4095.287233428859,16.997041740305324,0.9998259847238425,34.8,30440878.900101405,65.98851499177361,56.990081129259025,0.9998259847238425
2026-03-05T11:17:57+00:00,1772709477.064084,33558208.42497458,0.0,16.001800739753048,0.0,34.8,30449548.59638822,0.0,59.00664022783936,0.0
2026-03-05T11:17:58+00:00,1772709478.063959,29363803.46005643,270369.84212663566,14.001752595928398,9.001126668811112,34.8,34799923.89791451,0.0,24.00300445016297,0.0
2026-03-05T11:17:59+00:00,1772709479.063785,29365231.88709204,335930.3871012203,14.002433723016757,31.005388958108536,34.8,30451796.739826042,2.0003476747166795,83.01442850074221,2.0003476747166795
2026-03-05T11:18:00+00:00,1772709480.0640821,33544466.960309852,0.0,15.995248298792768,0.0,34.8,32085416.399802648,0.0,63.980993195171074,0.0
2026-03-05T11:18:01+00:00,1772709481.063921,29364860.76278392,20483.301313325836,14.002256757156333,4.000644787758953,34.8,33152166.16642964,0.0,56.00902702862533,0.0
2026-03-05T11:18:02+00:00,1772709482.0638633,33556368.11170841,626724.1602894759,17.000980910630314,58.003346636268134,34.8,30447879.760335445,0.0,22.001269413756877,0.0
2026-03-05T11:18:03+00:00,1772709483.0640533,29354550.059917986,94190.10203377702,13.997340230902665,5.998860098958285,34.8,34788958.41577497,0.0,24.995250412326186,0.0
2026-03-05T11:18:04+00:00,1772709484.0641453,29357426.24864102,12286.869244687927,13.998711704559813,1.999815957794259,34.8,30443323.313999366,1.999815957794259,23.997791493531107,1.999815957794259
2026-03-05T11:18:05+00:00,1772709485.0637825,33566612.41994647,4097.486867669247,16.005808076832995,1.0003630048020622,34.8,32186790.719799884,0.0,23.00834911044743,0.0
2026-03-05T11:18:06+00:00,1772709486.0639818,29354277.1661761,4095.183756441978,13.997210105026292,0.9998007217875923,34.8,33059991.550847884,0.0,66.98664835976868,0.0
2026-03-05T11:18:07+00:00,1772709487.06405,29358126.136502493,4095.720722168317,13.999045437098738,0.9999318169356243,34.8,30444047.0900355,0.0,33.99768177581122,0.0
2026-03-05T11:18:08+00:00,1772709488.063959,33557488.278353296,0.0,17.001548431277453,0.0,34.8,32380936.122810103,0.0,32.00291469416933,0.0
2026-03-05T11:18:09+00:00,1772709489.064165,29363800.24266579,139235.2852187838,16.99649477768357,9.997938104519747,34.8,32875093.101467904,0.0,87.98185531977377,0.0
2026-03-05T11:18:10+00:00,1772709490.0640213,33559256.69362885,8193.17790371798,16.00230059319918,2.0002875741498976,34.8,30450542.76500876,0.0,73.01049645647126,0.0
2026-03-05T11:18:11+00:00,1772709491.0637994,29563298.0971986,65550.55010465323,17.003774288621592,2.000444033955482,34.8,34803294.20706815,0.0,61.01354303564219,0.0
2026-03-05T11:18:12+00:00,1772709492.0639527,29355627.689911697,0.0,13.99785408492646,0.0,34.8,30559530.12788004,0.0,30.99524833090859,0.0
2026-03-05T11:18:13+00:00,1772709493.0641015,33549440.742565308,16381.562862580717,15.997619982988981,3.9994049957472453,34.8,31642017.51600981,0.0,62.99062868301911,0.0
2026-03-05T11:18:14+00:00,1772709494.0637636,29378245.120672226,213063.9813493662,16.005407252806958,5.001689766502174,34.8,31698311.930016715,0.0,30.010138599013043,0.0
2026-03-05T11:18:15+00:00,1772709495.06384,29374782.88192124,0.0,19.99847423750019,0.0,34.8,32351018.813139867,0.0,30.997635068125295,0.0
2026-03-05T11:18:16+00:00,1772709496.0641344,33552744.49688014,290730.3953232231,17.994701515109263,52.9843989055995,34.8,34405700.346635796,0.0,75.97762861935021,0.0
2026-03-05T11:18:17+00:00,1772709497.0642982,29420845.054937188,36857.96290290015,17.997052198681715,2.999508699780286,34.8,30821346.661787834,879.8558852688838,40.9932855636639,5.999017399560572
2026-03-05T11:18:18+00:00,1772709498.063829,33660849.93211994,24587.53666309189,21.00985798848184,6.002816568137669,34.8,30460415.26332622,0.0,74.0347376736979,0.0
2026-03-05T11:18:19+00:00,1772709499.0639536,29356467.456443854,98291.74371577182,13.998254516813208,2.9996259678885444,34.8,34791230.77995255,0.0,58.992644035141375,0.0
2026-03-05T11:18:20+00:00,1772709500.064112,29711776.33057511,4095.351665137851,34.9944600292541,0.9998417151215456,34.8,30441303.83912154,0.0,95.98480465166838,0.0
2026-03-05T11:18:21+00:00,1772709501.0638142,33564426.97635209,4097.2200898867295,17.00506384962754,1.0002978735075023,34.8,31878776.015108794,0.0,76.02263838657018,0.0
2026-03-05T11:18:22+00:00,1772709502.0636826,29372185.586863507,8193.078266907532,16.002105990053774,1.000131624378361,34.8,33376801.622589033,0.0,32.00421198010755,0.0
2026-03-05T11:18:23+00:00,1772709503.0638523,29355144.845910482,0.0,13.997623846965066,0.0,34.8,30440954.525343407,0.0,27.995247693930132,0.0
2026-03-05T11:18:24+00:00,1772709504.0639396,33551504.2554785,81912.85218622681,15.998603942622424,5.999476478483409,34.8,34792531.96191166,0.0,31.997207885244848,0.0
2026-03-05T11:18:25+00:00,1772709505.0637453,29382221.292972986,65548.73684991185,17.003303931404137,12.002332186873508,34.8,30452039.17050647,0.0,48.00932874749403,0.0
2026-03-05T11:18:26+00:00,1772709506.0641434,33541077.317287475,49132.437476495325,15.993631991046655,11.995223993284991,34.8,30434004.426406838,0.0,63.97452796418662,0.0
2026-03-05T11:18:27+00:00,1772709507.0641892,29366975.686537787,0.0,15.999267611651078,0.0,34.8,34799281.01533438,79772.34831169227,65.9969788980607,80.99629228398358
2026-03-05T11:18:28+00:00,1772709508.0637336,29373511.097578876,49174.40473925035,14.006381558217466,11.005014081456581,34.8,30460000.121431366,0.0,41.01868884906544,0.0
2026-03-05T11:18:29+00:00,1772709509.0639565,33567429.10266805,155613.3104674132,19.99554256622805,12.997102668048234,34.8,32081660.312284473,0.0,21.995096822850854,0.0
2026-03-05T11:18:30+00:00,1772709510.063721,29367045.6294999,0.0,14.003298582792235,0.0,34.8,33160689.250920273,0.0,37.008717683093764,0.0
2026-03-05T11:18:31+00:00,1772709511.0638385,29561453.336147614,454602.56585098157,18.99776699563769,46.99447625236692,34.8,30442543.77246098,0.0,59.99294840727692,0.0
2026-03-05T11:18:32+00:00,1772709512.063918,33551760.21275924,118774.54176880102,15.998725992564793,17.998566741635393,34.8,33276166.15881132,0.0,31.997451985129587,0.0
2026-03-05T11:18:33+00:00,1772709513.0640235,29365225.46282421,53242.389263140125,15.998314081472394,9.998946300920247,34.8,32007948.96994669,0.0,46.99504761432516,0.0
2026-03-05T11:18:34+00:00,1772709514.0639353,33557392.261139065,28674.52952001629,16.00141156250909,3.0002646679704545,34.8,30448862.042536672,54.004764023468184,63.00555802737954,1.0000882226568182
2026-03-05T11:18:35+00:00,1772709515.064201,29352325.07430414,4094.9114221964483,13.996279275085517,0.9997342339346798,34.8,34786320.518802054,0.0,41.988837825256546,0.0
2026-03-05T11:18:36+00:00,1772709516.0639136,29507876.482535824,8194.356146219334,18.00517707909522,2.0005752310105795,34.8,30456488.239536494,1375.3954713197736,43.01236746672747,8.002300924042318
2026-03-05T11:18:37+00:00,1772709517.0640736,34372229.16973569,1302319.6563774515,23.996161121341604,23.996161121341604,34.8,32267071.95040161,111.98208523292749,36.994081728734976,1.9996800934451338
2026-03-05T11:18:38+00:00,1772709518.0638983,30807318.60228841,32773.74319392384,65.01139244400176,4.000701073477031,34.8,32975462.542749625,0.0,72.01261932258656,0.0
2026-03-05T11:18:39+00:00,1772709519.064292,29348575.54738123,180153.08650736246,14.994097887131772,4.998032629043925,34.8,30434142.236770414,0.0,41.983474083968964,0.0
2026-03-05T11:18:40+00:00,1772709520.0642464,33564152.442649014,45058.0518512496,18.000819720403335,10.000455400224077,34.8,33174346.691694763,0.0,42.00191268094112,0.0
2026-03-05T11:18:41+00:00,1772709521.0640287,29366520.391471244,290879.3174936465,14.00304812978327,12.002612682671375,34.8,32083407.793095373,0.0,30.006531706678437,0.0
2026-03-05T11:18:42+00:00,1772709522.0636747,33705629.53172651,0.0,21.007437716724713,0.0,34.8,31871482.148929395,0.0,53.01877138030523,0.0
2026-03-05T11:18:43+00:00,1772709523.064077,29364701.160619266,487228.0309695612,14.99396924349933,70.97145441923017,34.8,33368070.9566746,0.0,70.97145441923017,0.0
2026-03-05T11:18:44+00:00,1772709524.0639231,29378469.820604872,483402.3376035104,20.003076072708822,72.01107386175175,34.8,30450804.72424868,0.0,63.009689629032785,0.0
2026-03-05T11:18:45+00:00,1772709525.063733,33560809.211795285,0.0,16.003040891549723,0.0,34.8,33572855.500826396,0.0,43.008172396039875,0.0
2026-03-05T11:18:46+00:00,1772709526.0637527,29945270.560273662,524277.7502003869,24.999511251468032,62.99876835369945,34.8,31674594.751426313,0.0,21.99956990129187,0.0
2026-03-05T11:18:47+00:00,1772709527.0641966,33555919.339717254,1244631.4640402691,16.99245644714723,74.96671961976719,34.8,30432611.886443004,0.0,36.98358167908515,0.0
2026-03-05T11:18:48+00:00,1772709528.0639822,29366422.349120107,454753.47108709987,14.00300137954717,54.01157674968194,34.8,34803027.62186624,0.0,24.005145222080863,0.0
2026-03-05T11:18:49+00:00,1772709529.0637438,29375323.622918826,172073.02540621907,16.00381560697722,7.001669328052533,34.8,30453382.65222078,0.0,21.0050079841576,0.0
2026-03-05T11:18:50+00:00,1772709530.063883,33549760.650422134,421829.265990415,16.99763330987621,63.99109010776927,34.8,30441883.38022088,0.0,37.994709751488,0.0
2026-03-05T11:18:51+00:00,1772709531.0638154,29370308.6893434,323605.91163990635,16.00108344738461,25.001692886538454,34.8,34797966.20079065,0.0,59.00399521223075,0.0
2026-03-05T11:18:52+00:00,1772709532.0642128,29348463.635928847,270228.59932635375,13.994437997784065,43.98251942160706,34.8,30521803.299387913,0.0,44.98212213573449,0.0
2026-03-05T11:18:53+00:00,1772709533.0641215,38460856.02675301,1273972.3319118314,97.00885829752158,257.02346992229945,34.8,33979872.84884002,0.0,43.00392687415905,0.0
2026-03-05T11:18:54+00:00,1772709534.0643067,29354690.00739485,286666.89460346533,13.99740696305983,40.99240610610379,34.8,31259129.207679186,0.0,73.98629394760196,0.0
2026-03-05T11:18:55+00:00,1772709535.0638409,33643833.64953785,208993.363718201,19.008855653750285,40.018643481579545,34.8,30460312.54286689,0.0,86.04008348539602,0.0
2026-03-05T11:18:56+00:00,1772709536.063783,29492908.692744337,192523.1539665255,16.00092702514341,41.00237550192999,34.8,34797584.022900954,0.0,32.00185405028682,0.0
2026-03-05T11:18:57+00:00,1772709537.0641608,29357226.096610278,0.0,15.993955988826206,0.0,34.8,30434620.95615208,0.0,105.95995842597361,0.0
2026-03-05T11:18:58+00:00,1772709538.0638294,33565555.68640998,266328.2616719542,16.005304187016478,43.01425500260678,34.8,31820781.46504889,0.0,62.020553724688845,0.0
2026-03-05T11:18:59+00:00,1772709539.0640402,29362131.577721905,167900.61292700112,15.996628518197516,36.99220344833176,34.8,33424409.403825525,0.0,53.988621248916616,0.0
2026-03-05T11:19:00+00:00,1772709540.0639498,30903016.416387036,774213.9584699298,43.0038858587123,157.01418790274028,34.8,30448873.37973092,0.0,28.00253032660336,0.0
2026-03-05T11:19:01+00:00,1772709541.0640635,42511645.33498173,4058674.4245632845,165.9811236867908,780.9111903577326,34.8,33219020.144935336,0.0,55.99363208711015,0.0
2026-03-05T11:19:02+00:00,1772709542.0642228,4594980.186863703,311246.42976973386,9.998407617500188,59.99044570500113,34.8,32020461.305711694,7114.866860613134,48.99219732575092,20.996655996750395
2026-03-05T11:19:03+00:00,1772709543.0646923,0.0,679616.9564144182,0.0,87.95870812027721,34.8,30431835.890822165,0.0,91.95683121665344,0.0
2026-03-05T11:19:04+00:00,1772709544.0639324,0.0,0.0,0.0,0.0,34.8,34822027.16952831,0.0,32.02433336983911,0.0
2026-03-05T11:19:05+00:00,1772709545.0639586,0.0,135164.45517109183,0.0,21.999423042169894,34.8,30445323.539614353,0.0,73.99805932366237,0.0
2026-03-05T11:19:06+00:00,1772709546.0641084,176101.63285412017,110575.44388514521,4.999251477735515,8.998652659923927,34.8,31899754.74964171,0.0,31.995209457507297,0.0
2026-03-05T11:19:07+00:00,1772709547.0638142,0.0,86041.3140882456,0.0,17.00500301688262,34.8,33347824.214227762,0.0,28.008240263100785,0.0
2026-03-05T11:19:08+00:00,1772709548.0639768,266196.7160224134,40953.34092652514,4.999187124819963,1.9996748499279855,34.8,30441599.151200026,0.0,64.98943262265952,0.0
2026-03-05T11:19:09+00:00,1772709549.064277,0.0,286633.96137300285,0.0,19.993998421665935,34.8,33748838.64515346,0.0,43.98679652766506,0.0
2026-03-05T11:19:10+00:00,1772709550.0639706,0.0,65556.08427817762,0.0,8.002451694113478,34.8,31492796.38107817,0.0,38.011645547039016,0.0
2026-03-05T11:19:11+00:00,1772709551.0686839,65228.55843835643,73382.12824315099,0.9953088140618351,8.957779326556517,34.8,30542890.2901758,0.0,41.80297019059708,0.0
2026-03-05T11:19:12+00:00,1772709552.0642693,0.0,0.0,0.0,0.0,34.8,33402102.532668803,0.0,31.137458127663567,0.0
2026-03-05T11:19:13+00:00,1772709553.063991,0.0,69651.37941545912,0.0,6.001669871506702,34.8,31996000.390588716,66.01836858657373,26.007236109862376,1.0002783119177838
2026-03-05T11:19:14+00:00,1772709554.0641212,61432.00299414759,45050.13552904156,0.9998698403995375,4.9993492019976875,34.8,30442159.14492485,0.0,57.99245074317318,0.0
2026-03-05T11:19:15+00:00,1772709555.0641775,0.0,0.0,0.0,0.0,34.8,34793610.27542281,0.0,59.9966241828663,0.0
2026-03-05T11:19:16+00:00,1772709556.063738,65564.80953406604,4097.800595879127,1.0004395986033026,1.0004395986033026,34.8,30459506.072707176,0.0,36.01582554971889,0.0
2026-03-05T11:19:17+00:00,1772709557.0639083,0.0,4095.3028530509287,0.0,0.9998297981081369,34.8,32174174.9623501,0.0,35.99387273189293,0.0
2026-03-05T11:19:18+00:00,1772709558.063954,65533.000137322815,4095.812508582676,0.9999542257281924,0.9999542257281924,34.8,33060524.609286074,0.0,65.9969788980607,0.0
2026-03-05T11:19:19+00:00,1772709559.0646865,0.0,65488.03513051964,0.0,0.9992681141741888,34.8,30423893.874603562,65.95169553549647,21.983898511832155,0.9992681141741888
2026-03-05T11:19:20+00:00,1772709560.0638685,0.0,77887.71325115317,0.0,6.004912103039152,34.8,34824054.569220304,0.0,37.03029130207477,0.0
2026-03-05T11:19:21+00:00,1772709561.0640357,0.0,8190.631088163184,0.0,1.99966579300859,34.8,30441034.34658314,0.0,20.996490826590193,0.0
2026-03-05T11:19:22+00:00,1772709562.064091,0.0,4095.7734500311835,0.0,0.9999446899490194,34.8,32236914.875970073,0.0,34.998064148215676,0.0
2026-03-05T11:19:23+00:00,1772709563.0637786,0.0,0.0,0.0,0.0,34.8,33013302.99007535,142.04436448036893,36.01124733305127,1.0003124259180909
2026-03-05T11:19:24+00:00,1772709564.0641413,0.0,69606.75817699738,0.0,1.9992749935948235,34.8,30435085.183268607,0.0,20.992387432745645,0.0
2026-03-05T11:19:25+00:00,1772709565.0640736,0.0,4096.27736253046,0.0,1.000067715461538,34.8,32277219.518823467,0.0,46.00311491123075,0.0
2026-03-05T11:19:26+00:00,1772709566.0640922,0.0,4095.9238295415153,0.0,0.999981403696659,34.8,32966042.942064885,0.0,32.999386321989746,0.0
2026-03-05T11:19:27+00:00,1772709567.0638885,0.0,0.0,0.0,0.0,34.8,30452322.38111531,0.0,41.00834968820422,0.0
2026-03-05T11:19:28+00:00,1772709568.0639477,0.0,4095.757826819169,0.0,0.9999408756882737,34.8,33225375.456392005,0.0,56.996629914231605,0.0
2026-03-05T11:19:29+00:00,1772709569.0640745,0.0,61432.208019574544,0.0,5.999239064411577,34.8,32032996.976816256,0.0,29.996195322057883,0.0
2026-03-05T11:19:30+00:00,1772709570.0637493,0.0,0.0,0.0,0.0,34.8,32023526.14491216,0.0,44.01431358426307,0.0
2026-03-05T11:19:31+00:00,1772709571.0642402,65503.843910548254,589534.5951949343,0.9995093370139809,98.95142436438411,34.8,33259184.937920768,0.0,76.96221895007653,0.0
2026-03-05T11:19:32+00:00,1772709572.0639977,65551.89447896126,512124.1756168848,1.0002425305017282,54.01309664709332,34.8,30453506.113244336,0.0,28.006790854048386,0.0
2026-03-05T11:19:33+00:00,1772709573.0641694,0.0,20476.484978393448,0.0,2.999485104256853,34.8,34789650.96061238,0.0,110.98094885750356,0.0
2026-03-05T11:19:34+00:00,1772709574.063915,0.0,143396.4790065527,0.0,3.0007633720679276,34.8,30453911.250391047,108.02748139444539,29.007379263323298,2.0005089147119515
2026-03-05T11:19:35+00:00,1772709575.0641623,0.0,4094.987555004468,0.0,0.9997528210460127,34.8,30438638.349029556,0.0,56.98591079962272,0.0
2026-03-05T11:19:36+00:00,1772709576.063769,0.0,8195.221969849654,0.0,2.0007866137328256,34.8,33081376.01698208,0.0,36.01415904719086,0.0
2026-03-05T11:19:37+00:00,1772709577.0637612,0.0,4096.032226816054,0.0,1.0000078678750133,34.8,32173801.137454398,112.0008812020015,34.00026750775045,2.0000157357500266
2026-03-05T11:19:38+00:00,1772709578.0641828,0.0,0.0,0.0,0.0,34.8,31780185.88740327,0.0,28.98778095323436,0.0
2026-03-05T11:19:39+00:00,1772709579.0641427,0.0,20480.820345358377,0.0,3.000120167777106,34.8,33449447.79492892,0.0,81.00324452998186,0.0
2026-03-05T11:19:40+00:00,1772709580.0639358,0.0,4096.8478317065055,0.0,1.000206990162721,34.8,30452424.047747,0.0,79.01635222285496,0.0
2026-03-05T11:19:41+00:00,1772709581.0640256,0.0,86008.26924955676,0.0,1.9998202485481018,34.8,33162285.247641955,0.0,54.995056835072795,0.0
2026-03-05T11:19:42+00:00,1772709582.064094,200690.26754122155,0.0,3.999726314198452,0.0,34.8,32074229.284546692,0.0,29.997947356488393,0.0
2026-03-05T11:19:43+00:00,1772709583.064217,1216362.3582532743,249825.26549983074,91.98868318545253,8.998892920316008,34.8,30442376.85743083,0.0,30.99618672553292,0.0
2026-03-05T11:19:44+00:00,1772709584.0638413,5602361.074179865,118828.64958947968,63.023681001963396,6.002255333520324,34.8,21755458.563096866,0.0,21.007893667321135,0.0
2026-03-05T11:19:45+00:00,1772709585.0639174,1888624.3596795232,147444.78600913598,34.997338259004444,1.9998479005145398,34.8,0.0,0.0,0.0,0.0
